<?xml version="1.0" encoding="UTF-8"?>
<project-private xmlns="http://www.netbeans.org/ns/project-private/1">
    <editor-bookmarks xmlns="http://www.netbeans.org/ns/editor-bookmarks/2" lastBookmarkId="0"/>
    <open-files xmlns="http://www.netbeans.org/ns/projectui-open-files/2">
        <group>
            <file>file:/D:/OneDrive%20-%20National%20College%20of%20Ireland/EncryptedChatAli/EncryptedChatServerClient-Ali/EncryptedChatServerClient-Ali/EncryptedChat/src/encryptedchat/ServerWindow.java</file>
            <file>file:/D:/OneDrive%20-%20National%20College%20of%20Ireland/EncryptedChatAli/EncryptedChatServerClient-Ali/EncryptedChatServerClient-Ali/EncryptedChat/src/encryptedchat/MyBufferedWriter.java</file>
            <file>file:/D:/OneDrive%20-%20National%20College%20of%20Ireland/EncryptedChatAli/EncryptedChatServerClient-Ali/EncryptedChatServerClient-Ali/EncryptedChat/src/encryptedchat/EncryptedChatServer.java</file>
        </group>
    </open-files>
</project-private>
